trip_distance_km,time_of_day,day_of_week,passenger_count,traffic_conditions,weather,base_fare,per_km_rate,per_minute_rate,trip_duration_minutes,trip_price
19.35,Morning,Weekday,3.0,Low,Clear,3.56,0.8,0.32,53.82,36.2624
36.87,Evening,Weekend,1.0,High,Clear,2.7,1.21,0.15,37.27,52.9032
30.33,Evening,Weekday,4.0,Low,Clear,3.48,0.51,0.15,116.81,36.4698
8.64,Afternoon,Weekend,2.0,Medium,Clear,2.55,1.71,0.48,89.33,60.2028
3.85,Afternoon,Weekday,4.0,High,Rain,3.51,1.66,0.29,5.05,11.2645
41.79,Night,Weekend,3.0,High,Clear,4.6,1.77,0.11,86.95,88.13279999999999
9.91,Evening,Weekday,2.0,High,Clear,2.32,1.26,0.34,41.72,28.9914
9.99,Night,Weekday,4.0,High,Clear,4.33,0.85,0.43,34.0,27.4415
15.91,Morning,Weekday,4.0,Low,Clear,4.42,1.77,0.21,114.93,56.716
26.71,Afternoon,Weekend,4.0,Low,Rain,4.3,1.59,0.2,111.18,69.0049
22.17,Night,Weekday,4.0,Low,Clear,2.34,1.97,0.41,57.59,69.6268
30.98,Afternoon,Weekend,1.0,Low,Rain,4.5,0.84,0.25,57.02,44.7782
7.84,Morning,Weekday,4.0,Medium,Clear,3.73,0.82,0.3,53.8,26.2988
105.94355003672597,Night,Weekend,2.0,Low,Rain,3.94,1.69,0.32,23.03,201.869509186128
18.95,Night,Weekday,1.0,Low,Clear,3.38,0.78,0.39,54.04,39.2366
23.35,Night,Weekday,3.0,Low,Rain,3.59,0.6,0.24,66.8,33.632000000000005
10.78,Evening,Weekday,3.0,High,Rain,3.92,0.54,0.33,56.07,28.2443
138.09832791310237,Evening,Weekend,4.0,Medium,Rain,2.24,1.75,0.32,94.86,280.87730155406564
30.03,Afternoon,Weekday,1.0,High,Clear,3.31,1.05,0.36,83.21,64.7971
3.28,Evening,Weekday,2.0,Medium,Clear,2.88,1.76,0.2,78.04,24.260800000000003
30.77,Morning,Weekday,1.0,Low,Clear,3.64,1.33,0.13,109.6,58.8121
9.36,Afternoon,Weekday,1.0,Medium,Clear,2.4,1.85,0.15,7.07,20.7765
47.5,Morning,Weekend,2.0,Low,Clear,4.39,0.51,0.3,95.55,57.28
48.32,Morning,Weekday,2.0,Low,Clear,2.49,0.61,0.44,67.25,61.5552
40.61,Afternoon,Weekday,1.0,Low,Clear,2.31,0.88,0.38,42.25,54.1018
15.93,Afternoon,Weekday,2.0,Low,Clear,2.44,1.5,0.42,20.67,35.016400000000004
5.79,Evening,Weekday,4.0,Low,Clear,4.63,1.83,0.24,107.07,40.9225
34.53,Morning,Weekday,3.0,Medium,Clear,3.58,1.21,0.26,59.14,60.0471
22.57,Afternoon,Weekday,1.0,Low,Clear,3.4,1.41,0.29,105.98,62.77850000000001
6.98,Afternoon,Weekend,2.0,Low,Clear,2.32,0.78,0.18,72.37,20.791
25.26,Evening,Weekday,2.0,High,Clear,3.95,1.71,0.12,82.53,57.0482
2.69,Afternoon,Weekday,4.0,Low,Clear,4.6,1.95,0.34,97.49,42.9921
13.68,Evening,Weekend,3.0,High,Clear,3.88,1.21,0.17,50.78,29.4758
33.46,Afternoon,Weekend,2.0,Low,Rain,2.23,0.63,0.12,64.07,30.9982
16.27,Morning,Weekday,1.0,Low,Clear,2.34,1.21,0.41,97.35,64.05529999999999
26.48,Morning,Weekend,3.0,Medium,Clear,2.15,1.25,0.2,47.97,44.844
27.79,Evening,Weekday,2.0,Low,Clear,2.77,0.72,0.43,49.63,44.1197
10.06,Morning,Weekday,2.0,Medium,Rain,2.41,1.16,0.38,16.0,20.1596
48.51,Evening,Weekday,3.0,High,Rain,3.535,1.0,0.48,110.18,104.1764
38.98,Afternoon,Weekday,3.0,Low,Clear,3.16,1.28,0.26,15.47,57.0766
47.04,Night,Weekday,4.0,Medium,Clear,4.83,1.38,0.36,79.54,98.3796
44.85,Evening,Weekend,1.0,Medium,Rain,3.83,0.51,0.29,52.52,41.9343
30.3,Night,Weekend,1.0,Low,Clear,4.5,1.64,0.35,51.65,72.2695
46.17,Afternoon,Weekday,4.0,Medium,Clear,4.13,1.57,0.28,83.15,99.8989
10.6,Afternoon,Weekday,3.0,Medium,Clear,4.21,1.21,0.3,73.28,32.342
3.22,Afternoon,Weekday,3.0,Low,Rain,2.83,1.63,0.31,93.78,37.1504
16.94,Afternoon,Weekday,3.0,Medium,Snow,3.92,1.93,0.42,100.24,78.715
14.3,Night,Weekday,3.0,High,Clear,4.99,0.99,0.37,108.2,59.181
18.48,Afternoon,Weekday,4.0,Medium,Clear,2.84,1.37,0.39,106.41,69.6575
146.0670471598387,Afternoon,Weekday,2.0,Medium,Clear,4.79,0.73,0.3,60.81,320.958663578238
27.59,Evening,Weekend,1.0,Medium,Rain,2.07,1.03,0.46,67.33,61.459500000000006
7.91,Morning,Weekday,4.0,Medium,Clear,4.09,1.55,0.47,110.69,68.3748
40.31,Morning,Weekday,4.0,Medium,Clear,4.18,1.34,0.12,108.49,71.2142
4.65,Afternoon,Weekday,1.0,Medium,Clear,4.51,1.08,0.43,56.54,33.8442
49.36,Morning,Weekday,4.0,High,Rain,4.92,1.13,0.12,36.56,65.084
38.84,Morning,Weekend,2.0,Low,Clear,4.93,1.34,0.25,50.21,69.52810000000001
10.74,Morning,Weekday,3.0,Medium,Clear,2.2,0.51,0.32,49.59,23.5462
1.27,Morning,Weekday,2.0,High,Clear,4.47,0.62,0.16,37.99,11.3358
40.96,Morning,Weekend,1.0,High,Clear,3.94,1.82,0.4,35.89,92.8432
35.64,Night,Weekend,1.0,High,Rain,3.94,0.62,0.1,104.02,36.4388
38.79,Afternoon,Weekday,2.0,Low,Clear,3.95,1.88,0.33,82.93,104.2421
4.63,Afternoon,Weekday,2.0,Medium,Clear,4.95,0.91,0.39,24.87,18.8626
18.56,Morning,Weekend,1.0,Medium,Snow,4.74,1.21,0.47,44.62,45.385000000000005
6.68,Night,Weekend,2.0,Medium,Clear,3.32,1.35,0.38,12.08,16.9284
43.29,Evening,Weekday,1.0,Medium,Rain,2.12,1.82,0.37,36.05,94.2463
31.54,Morning,Weekday,2.0,High,Clear,3.09,1.91,0.26,93.37,87.6076
17.21,Afternoon,Weekday,2.0,Low,Rain,4.48,1.61,0.1,106.78,42.8661
4.11,Evening,Weekend,2.0,High,Rain,4.1,0.63,0.15,30.48,11.2613
16.93,Afternoon,Weekday,4.0,Low,Snow,2.17,1.12,0.37,59.09,42.9949
36.75,Afternoon,Weekday,2.0,Medium,Clear,3.28,1.21,0.27,105.46,76.2217
44.47,Night,Weekend,1.0,Low,Clear,4.79,0.79,0.31,64.0,59.761300000000006
6.86,Night,Weekend,2.0,High,Clear,2.93,1.18,0.18,102.45,29.4658
35.95,Afternoon,Weekend,4.0,Low,Clear,3.58,0.95,0.44,6.1,40.4165
38.28,Afternoon,Weekday,1.0,Medium,Clear,3.535,1.08,0.39,51.33,63.56110000000001
28.5,Afternoon,Weekday,1.0,Medium,Clear,4.92,1.78,0.46,109.33,105.9418
26.61,Morning,Weekday,4.0,Low,Rain,3.07,0.68,0.18,65.91,33.0286
21.95,Morning,Weekday,3.0,Medium,Clear,4.05,0.88,0.1,44.99,27.865
6.29,Afternoon,Weekday,3.0,Low,Clear,4.15,1.37,0.21,80.37,29.645000000000003
2.54,Morning,Weekend,2.0,Low,Clear,2.8,1.3,0.37,53.11,25.7527
32.18,Night,Weekday,2.0,Medium,Rain,2.95,1.39,0.17,87.13,62.4923
16.4,Evening,Weekday,1.0,Low,Rain,2.38,1.05,0.33,104.04,53.9332
25.92,Night,Weekday,3.0,Low,Clear,3.97,1.71,0.46,22.79,58.7766
45.47,Night,Weekend,4.0,Low,Rain,2.12,1.28,0.23,56.93,73.4155
13.22,Morning,Weekday,2.0,Low,Rain,3.79,0.68,0.37,51.92,31.99
21.11,Afternoon,Weekend,4.0,High,Rain,4.61,0.69,0.18,84.06,34.3067
112.8309582902826,Afternoon,Weekday,2.0,High,Snow,3.35,1.9,0.23,78.63,233.00828520738887
102.74755620694734,Evening,Weekday,2.0,Medium,Clear,2.23,1.8,0.23,53.09,274.53508679715014
46.56,Morning,Weekday,3.0,Low,Clear,4.46,0.87,0.46,119.21,99.8038
40.6,Afternoon,Weekend,3.0,Medium,Clear,2.73,0.55,0.26,17.2,29.532000000000004
32.04,Afternoon,Weekday,3.0,Low,Clear,3.26,0.65,0.2,31.8,30.446
43.7,Afternoon,Weekday,3.0,Low,Clear,4.52,1.59,0.28,114.29,106.0042
40.38,Morning,Weekday,1.0,Medium,Rain,3.535,0.8,0.23,115.21,63.432300000000005
10.14,Evening,Weekday,3.0,High,Rain,2.73,1.06,0.4,16.24,19.974400000000003
44.74,Afternoon,Weekday,2.0,Medium,Clear,3.65,1.25,0.49,6.72,62.8678
27.43,Morning,Weekend,4.0,Low,Rain,2.58,1.59,0.28,23.53,52.7821
40.56,Evening,Weekend,3.0,Medium,Rain,2.31,0.67,0.44,119.54,82.0828
44.91,Night,Weekday,1.0,Low,Rain,4.73,1.11,0.33,25.7,63.0611
6.39,Evening,Weekday,4.0,High,Clear,4.28,1.31,0.38,102.57,51.6275
12.17,Afternoon,Weekend,4.0,Low,Rain,2.15,1.73,0.31,7.35,25.4826
43.18,Afternoon,Weekday,3.0,High,Clear,3.03,1.54,0.29,104.17,98.6948
1.34,Afternoon,Weekend,3.0,Medium,Clear,3.64,1.33,0.46,37.6,22.718200000000003
26.03,Morning,Weekday,2.0,Medium,Clear,2.27,1.55,0.4,83.98,76.20850000000002
21.45,Evening,Weekday,2.0,Medium,Clear,4.27,1.12,0.3,82.54,53.056
6.87,Morning,Weekday,2.0,Medium,Rain,2.56,1.5,0.23,9.0,14.935
17.54,Morning,Weekday,2.0,Low,Rain,2.56,1.29,0.49,52.06,50.696
16.84,Morning,Weekend,2.0,Medium,Snow,2.17,1.01,0.12,98.03,30.942000000000004
26.42,Evening,Weekday,3.0,High,Clear,3.76,1.86,0.23,97.04,75.22040000000001
18.82,Afternoon,Weekday,2.0,Low,Rain,2.05,0.63,0.12,74.75,22.8766
48.62,Afternoon,Weekend,1.0,Low,Rain,2.15,1.17,0.11,74.49,67.2293
109.61608204688008,Afternoon,Weekday,4.0,High,Clear,4.46,1.69,0.23,53.88,327.21766546350466
15.74,Afternoon,Weekday,2.0,Low,Clear,3.05,1.84,0.21,35.48,39.4624
14.96,Morning,Weekday,1.0,Medium,Rain,3.79,0.9,0.17,66.66,28.5862
2.81,Evening,Weekend,3.0,Low,Rain,2.82,1.12,0.38,56.65,27.4942
30.87,Evening,Weekday,4.0,Medium,Clear,2.08,1.85,0.31,55.61,76.4286
25.63,Afternoon,Weekday,3.0,Medium,Clear,4.21,1.21,0.18,15.48,54.1556
3.52,Evening,Weekday,4.0,Medium,Rain,3.88,1.53,0.23,87.64,29.4228
14.65,Evening,Weekend,2.0,High,Clear,3.74,1.79,0.29,29.58,40.020700000000005
45.51,Evening,Weekday,1.0,Medium,Clear,4.23,0.63,0.13,27.65,36.4958
12.74,Evening,Weekday,4.0,Low,Rain,4.03,1.8,0.16,52.47,35.357200000000006
8.1,Afternoon,Weekend,1.0,High,Clear,2.62,0.98,0.13,31.19,14.6127
24.98,Afternoon,Weekend,3.0,Low,Rain,3.06,0.77,0.42,72.14,52.5934
49.3,Afternoon,Weekday,2.0,Low,Clear,2.38,0.86,0.4,47.72,63.866
12.86,Evening,Weekday,1.0,Low,Clear,2.39,1.13,0.4,56.62,39.5698
33.93,Morning,Weekday,2.0,Low,Rain,3.535,0.88,0.39,66.77,59.92869999999999
38.32,Evening,Weekday,1.0,Medium,Clear,4.58,0.98,0.37,28.41,52.6453
12.64,Evening,Weekday,3.0,Medium,Clear,3.535,0.7,0.29,22.91,20.3819
36.68,Afternoon,Weekend,3.0,High,Rain,3.89,0.94,0.36,106.25,76.6192
19.02,Evening,Weekday,2.0,Medium,Clear,2.55,1.36,0.12,54.88,35.0028
31.98,Morning,Weekday,3.0,Medium,Clear,2.32,1.16,0.35,52.39,57.7533
32.04,Afternoon,Weekday,4.0,Low,Clear,4.44,1.02,0.41,9.1,40.8518
5.42,Morning,Weekday,3.0,Medium,Rain,3.85,1.84,0.24,68.73,30.318
41.93,Evening,Weekend,4.0,Medium,Rain,4.34,1.64,0.21,69.27,87.6519
3.0,Morning,Weekday,2.0,Low,Clear,2.17,0.73,0.45,34.01,19.6645
29.95,Morning,Weekday,2.0,Medium,Clear,4.24,0.7,0.24,98.23,48.7802
34.2,Afternoon,Weekday,1.0,Low,Clear,4.55,1.02,0.41,113.92,86.1412
1.81,Night,Weekday,1.0,Low,Rain,2.86,1.71,0.32,20.63,12.5567
26.09,Afternoon,Weekday,4.0,Medium,Rain,3.92,0.87,0.45,62.23,54.62179999999999
9.54,Afternoon,Weekend,1.0,Low,Rain,2.1,1.79,0.33,42.43,33.1785
34.86,Evening,Weekday,4.0,Low,Clear,3.74,1.45,0.4,21.52,62.895
7.74,Afternoon,Weekday,1.0,Low,Clear,3.535,1.29,0.12,21.54,15.0994
17.71,Night,Weekday,4.0,Medium,Clear,2.71,1.48,0.48,6.06,31.829600000000003
6.56,Afternoon,Weekday,3.0,Low,Clear,3.48,0.85,0.31,97.94,39.4174
43.99,Night,Weekday,2.0,Low,Clear,2.64,0.96,0.29,74.71,66.5363
13.64,Morning,Weekday,4.0,Medium,Rain,2.43,1.54,0.14,43.75,29.5606
33.34,Night,Weekend,1.0,Medium,Clear,4.28,0.52,0.41,72.33,51.2721
41.04,Afternoon,Weekend,1.0,High,Clear,3.5,1.06,0.4,41.3,63.522400000000005
28.2,Morning,Weekend,2.0,Low,Clear,4.74,1.03,0.22,15.0,37.086
12.85,Evening,Weekday,4.0,Low,Snow,3.94,0.61,0.29,26.63,23.4957
5.56,Morning,Weekday,4.0,High,Clear,3.535,1.69,0.13,54.22,19.145
45.12,Afternoon,Weekday,4.0,Medium,Clear,3.535,1.52,0.2,35.34,79.70039999999999
32.02,Afternoon,Weekday,2.0,Low,Clear,3.78,1.7,0.34,6.39,60.38660000000001
17.61,Morning,Weekday,1.0,Low,Clear,4.26,1.34,0.47,64.68,58.257000000000005
18.11,Evening,Weekday,2.0,Low,Rain,2.93,1.61,0.37,74.66,59.7113
44.47,Evening,Weekday,2.0,High,Clear,4.95,1.71,0.24,59.18,95.1969
39.21,Morning,Weekday,2.0,Low,Snow,2.88,0.94,0.21,70.94,54.6348
32.46,Evening,Weekend,3.0,Low,Clear,2.88,1.36,0.5,111.71,102.8806
8.92,Morning,Weekday,3.0,Low,Clear,3.69,1.07,0.36,42.14,28.4048
45.03,Afternoon,Weekday,1.0,High,Clear,2.76,0.95,0.24,32.28,53.2857
30.72,Afternoon,Weekend,3.0,Low,Clear,4.75,1.19,0.12,35.2,45.5308
1.45,Evening,Weekend,1.0,High,Clear,2.8,1.73,0.29,63.01,12.2396
5.97,Afternoon,Weekday,4.0,Medium,Rain,4.69,1.89,0.32,90.57,44.95569999999999
1.25,Afternoon,Weekday,3.0,Low,Rain,3.97,1.49,0.31,12.8,9.8005
8.88,Night,Weekend,4.0,High,Clear,4.72,1.85,0.44,88.21,59.96039999999999
27.89,Afternoon,Weekend,1.0,Low,Clear,2.51,0.65,0.11,97.69,31.3844
34.9,Afternoon,Weekend,3.0,Medium,Clear,4.9,0.85,0.25,38.29,44.1375
11.99,Evening,Weekend,2.0,Medium,Rain,4.84,1.74,0.28,54.06,40.839400000000005
12.63,Morning,Weekday,3.0,Low,Clear,2.9,1.12,0.48,102.2,66.10159999999999
16.94,Morning,Weekend,4.0,Low,Clear,2.56,0.63,0.19,65.42,25.662
37.58,Afternoon,Weekday,4.0,Low,Snow,2.91,1.16,0.47,84.52,86.22719999999998
32.83,Afternoon,Weekend,1.0,Medium,Clear,3.535,0.85,0.27,106.59,58.9648
42.61,Morning,Weekday,3.0,Low,Rain,2.43,0.94,0.49,62.01,72.86829999999999
33.22,Night,Weekend,1.0,Low,Clear,2.31,1.66,0.32,41.02,70.5816
28.85,Morning,Weekday,1.0,High,Clear,3.27,0.61,0.47,91.67,63.9534
5.59,Afternoon,Weekday,2.0,High,Clear,4.39,1.21,0.1,30.31,17.147599999999997
19.02,Night,Weekday,2.0,Low,Clear,2.42,1.14,0.4,49.68,43.9748
13.99,Afternoon,Weekday,4.0,Low,Clear,2.39,1.39,0.46,104.56,69.9337
130.80900130744172,Afternoon,Weekday,1.0,High,Clear,3.93,0.63,0.16,88.31,328.8717691378544
48.68,Afternoon,Weekday,4.0,Low,Rain,2.59,1.01,0.14,51.44,58.9584
20.26,Morning,Weekday,3.0,Low,Rain,2.29,0.63,0.27,29.7,23.0728
31.93,Afternoon,Weekday,1.0,Medium,Clear,4.77,1.71,0.32,37.67,71.4247
39.95,Evening,Weekend,3.0,Low,Clear,4.46,1.19,0.31,25.25,59.828
29.27,Morning,Weekend,4.0,Medium,Rain,3.97,1.9,0.1,33.99,62.982
25.13,Morning,Weekend,4.0,Medium,Rain,3.61,1.02,0.42,57.23,53.2792
36.4,Afternoon,Weekday,4.0,Medium,Clear,4.05,1.34,0.29,117.94,94.105
14.76,Evening,Weekend,3.0,Medium,Clear,3.89,1.92,0.47,49.98,55.71979999999999
2.19,Afternoon,Weekday,1.0,Medium,Clear,2.8,0.51,0.18,14.2,6.472899999999999
32.63,Night,Weekday,1.0,Medium,Clear,2.12,0.86,0.37,15.33,35.8539
9.68,Morning,Weekday,2.0,Medium,Clear,3.37,1.91,0.13,72.94,31.341
47.08,Evening,Weekend,1.0,High,Rain,4.67,0.76,0.34,73.93,65.587
47.74,Evening,Weekday,3.0,High,Clear,3.71,0.67,0.17,53.16,44.733
45.83,Evening,Weekday,4.0,Medium,Clear,4.5,1.36,0.39,54.66,88.1462
19.14,Evening,Weekend,2.0,Low,Snow,4.97,1.79,0.22,11.2,41.6946
1.76,Evening,Weekend,2.0,Low,Clear,2.49,1.22,0.29,64.4,23.3132
46.49,Afternoon,Weekday,3.0,Low,Clear,4.08,1.99,0.34,63.05,118.0321
21.98,Morning,Weekday,1.0,Medium,Clear,4.02,1.52,0.17,22.2,41.2036
48.22,Night,Weekday,3.0,Medium,Clear,4.96,1.99,0.22,19.21,105.144
42.8,Afternoon,Weekday,2.0,High,Rain,4.06,1.11,0.36,16.62,57.55120000000001
15.43,Evening,Weekday,2.0,High,Clear,2.73,0.93,0.16,75.12,29.0991
19.87,Afternoon,Weekend,1.0,High,Clear,4.4,1.34,0.38,27.6,41.5138
42.71,Morning,Weekday,3.0,Low,Clear,2.32,1.21,0.15,33.91,48.4081
16.53,Morning,Weekend,4.0,Medium,Clear,4.34,0.63,0.27,24.96,21.4931
9.31,Afternoon,Weekend,2.0,Low,Rain,4.73,0.5,0.2,115.15,32.415000000000006
28.28,Afternoon,Weekday,2.0,Low,Rain,3.15,1.17,0.4,103.28,77.5496
46.87,Morning,Weekday,4.0,Low,Clear,3.89,1.76,0.2,31.51,92.6832
35.11,Afternoon,Weekday,3.0,Low,Rain,3.29,1.36,0.45,42.67,70.2411
28.93,Morning,Weekday,2.0,Medium,Clear,3.31,2.0,0.46,29.14,74.5744
5.76,Afternoon,Weekday,2.0,High,Snow,2.93,0.93,0.18,61.57,19.3694
31.14,Afternoon,Weekend,2.0,Low,Clear,4.29,0.92,0.35,7.26,35.4798
37.3,Morning,Weekday,3.0,Low,Snow,4.21,1.86,0.35,97.47,107.7025
35.15,Afternoon,Weekday,1.0,Medium,Rain,2.76,1.21,0.21,96.08,91.8308
116.196063616616,Afternoon,Weekend,4.0,Medium,Clear,2.2,0.85,0.25,19.63,206.69956969976877
139.06223019422194,Afternoon,Weekday,2.0,Low,Rain,2.8,1.82,0.14,50.83,276.84059674137075
40.66,Afternoon,Weekday,2.0,Medium,Clear,3.9,0.67,0.3,34.29,41.4292
40.7,Evening,Weekday,2.0,Low,Clear,4.16,1.81,0.38,35.27,91.2296
43.49,Evening,Weekday,1.0,Low,Clear,2.77,1.45,0.2,68.97,79.6245
45.75,Morning,Weekday,3.0,Medium,Rain,4.16,0.75,0.23,52.31,50.5038
40.12,Morning,Weekend,2.0,High,Clear,3.88,1.61,0.24,116.97,96.546
32.85,Night,Weekday,4.0,Medium,Clear,2.44,1.18,0.42,31.52,54.4414
35.4,Morning,Weekday,3.0,Low,Clear,4.47,1.98,0.46,93.88,117.7468
39.99,Afternoon,Weekday,2.0,High,Clear,2.71,0.58,0.31,43.98,39.538
17.56,Evening,Weekday,1.0,Low,Clear,3.22,1.22,0.11,103.66,36.0458
29.34,Afternoon,Weekday,2.0,High,Clear,2.05,1.59,0.48,70.14,82.3678
23.81,Morning,Weekend,1.0,Medium,Rain,2.81,1.91,0.24,62.02,63.1719
15.04,Morning,Weekday,1.0,Low,Clear,5.0,1.78,0.11,15.09,33.4311
29.95,Morning,Weekday,4.0,High,Clear,2.63,1.33,0.33,81.84,69.47070000000001
2.49,Afternoon,Weekday,2.0,Low,Clear,2.8,1.74,0.32,108.02,41.699
2.83,Morning,Weekday,1.0,Low,Snow,3.99,0.96,0.19,11.65,8.920300000000001
18.65,Afternoon,Weekday,1.0,Medium,Clear,4.75,0.98,0.36,87.41,54.49459999999999
7.23,Evening,Weekday,1.0,Low,Clear,3.51,1.2,0.39,55.29,33.7491
26.59,Morning,Weekday,2.0,Medium,Clear,4.39,0.93,0.1,51.41,34.2597
38.73,Morning,Weekday,2.0,Medium,Clear,2.41,1.94,0.47,20.75,87.29869999999998
11.58,Morning,Weekday,3.0,Low,Rain,4.93,0.97,0.17,63.28,26.9202
31.52,Afternoon,Weekday,1.0,Low,Clear,4.89,0.65,0.19,19.55,29.0925
5.18,Evening,Weekday,2.0,Medium,Clear,2.49,1.29,0.21,59.81,21.7323
3.53,Morning,Weekend,1.0,Low,Clear,2.9,0.59,0.12,92.82,16.1211
145.74705994904548,Morning,Weekday,3.0,High,Rain,2.82,0.83,0.49,60.29,325.0989498083767
32.23,Afternoon,Weekday,3.0,High,Clear,4.45,1.2,0.23,119.08,70.5144
36.58,Evening,Weekend,4.0,Low,Rain,3.13,1.15,0.15,83.96,57.791
48.82,Evening,Weekday,2.0,High,Clear,2.27,1.7,0.14,101.76,99.5104
26.3,Evening,Weekday,2.0,Medium,Clear,3.03,1.61,0.39,52.71,65.9299
16.82,Evening,Weekday,4.0,Low,Snow,4.94,1.14,0.44,93.3,65.1668
39.96,Afternoon,Weekday,4.0,Low,Clear,3.89,1.0,0.2,9.66,45.782
14.27,Evening,Weekday,2.0,Low,Rain,3.25,0.97,0.11,19.13,19.1962
22.51,Morning,Weekday,4.0,Low,Clear,2.5,1.66,0.19,28.35,45.2531
4.84,Evening,Weekday,3.0,Medium,Rain,4.96,0.58,0.12,51.22,13.9136
2.24,Afternoon,Weekday,1.0,Low,Clear,4.46,0.52,0.14,102.26,19.9412
48.17,Evening,Weekend,3.0,Medium,Clear,3.535,1.69,0.27,44.82,96.3487
41.96,Afternoon,Weekend,4.0,Low,Rain,2.21,1.22,0.19,80.28,68.65440000000001
35.1,Afternoon,Weekday,2.0,Low,Rain,2.17,0.7,0.31,86.57,53.5767
21.04,Afternoon,Weekday,2.0,Low,Rain,2.36,0.85,0.2,72.41,34.726
9.49,Evening,Weekday,3.0,High,Rain,3.74,1.9,0.48,46.08,43.8894
8.67,Morning,Weekday,2.0,High,Rain,4.79,1.79,0.46,71.36,53.1349
13.26,Morning,Weekday,4.0,Medium,Clear,3.49,1.56,0.33,44.36,38.814400000000006
36.02,Morning,Weekend,2.0,Low,Clear,3.34,1.28,0.29,119.17,79.2381
33.35,Evening,Weekday,1.0,High,Clear,4.13,1.96,0.26,19.63,74.59979999999999
14.72,Morning,Weekday,2.0,Low,Clear,4.2,1.95,0.39,13.32,38.0988
47.79,Afternoon,Weekend,4.0,Low,Clear,2.52,0.82,0.28,106.03,71.3962
37.16,Afternoon,Weekend,2.0,Low,Clear,3.08,1.72,0.44,39.71,84.4676
13.14,Afternoon,Weekday,3.0,Low,Clear,3.6,1.11,0.14,35.14,23.105000000000004
18.44,Afternoon,Weekday,2.0,Low,Rain,4.99,1.9,0.18,44.45,48.027
38.13,Afternoon,Weekday,4.0,High,Rain,3.42,0.63,0.27,52.23,41.544
1.71,Morning,Weekday,4.0,High,Clear,4.45,1.27,0.18,87.85,22.4347
3.0,Afternoon,Weekday,1.0,Low,Clear,3.79,0.73,0.28,9.82,8.729600000000001
42.92,Morning,Weekday,3.0,High,Clear,4.66,1.05,0.34,62.85,71.095
35.48,Afternoon,Weekday,3.0,Low,Clear,3.23,1.43,0.38,72.19,81.39859999999999
116.66768073006573,Morning,Weekday,2.0,High,Clear,3.81,0.74,0.25,110.82,248.29520891209057
5.79,Morning,Weekday,2.0,Medium,Clear,3.89,1.95,0.45,10.65,19.973
25.09,Morning,Weekend,2.0,Medium,Snow,3.25,1.87,0.33,70.95,73.5818
24.2,Afternoon,Weekday,1.0,Low,Snow,2.43,0.75,0.28,103.17,49.4676
9.49,Evening,Weekday,1.0,Medium,Clear,2.28,0.68,0.13,32.82,12.9998
22.26,Evening,Weekday,2.0,Medium,Clear,3.535,0.63,0.29,105.77,46.7471
31.18,Afternoon,Weekday,1.0,Medium,Clear,2.71,0.79,0.35,89.23,58.5727
32.12,Afternoon,Weekday,4.0,High,Rain,2.63,1.12,0.43,112.31,86.89770000000001
3.22,Afternoon,Weekday,1.0,Medium,Clear,4.21,1.17,0.3,80.58,32.151399999999995
19.36,Night,Weekday,1.0,Medium,Rain,2.96,1.4,0.15,55.49,38.3875
31.67,Morning,Weekday,1.0,Low,Clear,3.52,1.21,0.11,10.16,23.9563
25.65,Evening,Weekday,2.0,Medium,Snow,2.49,0.84,0.22,110.81,48.4142
42.97,Afternoon,Weekend,4.0,Low,Clear,4.88,1.9,0.38,59.08,108.9734
33.28,Afternoon,Weekday,1.0,Medium,Rain,4.55,1.86,0.42,8.33,69.9494
8.98,Evening,Weekday,2.0,High,Clear,4.59,1.67,0.22,84.33,38.1392
4.46,Afternoon,Weekend,3.0,Medium,Clear,3.22,0.53,0.3,60.41,23.7068
32.48,Evening,Weekday,3.0,Low,Clear,4.29,0.99,0.27,19.3,41.65619999999999
2.3,Night,Weekend,2.0,Low,Clear,2.43,1.44,0.26,29.64,13.4484
47.07,Morning,Weekday,4.0,Medium,Rain,2.06,1.86,0.15,71.04,100.2662
29.2,Afternoon,Weekday,3.0,High,Rain,3.76,1.45,0.18,76.53,59.87539999999999
20.02,Night,Weekday,3.0,High,Clear,3.37,0.61,0.12,63.16,23.1614
32.52,Morning,Weekday,4.0,Medium,Rain,3.55,1.86,0.18,98.97,81.85180000000001
23.45,Afternoon,Weekday,1.0,Low,Clear,2.02,1.94,0.1,104.02,57.915
27.74,Afternoon,Weekday,1.0,Low,Clear,3.535,0.62,0.35,75.8,46.9988
47.13,Evening,Weekday,4.0,Low,Clear,4.15,1.3,0.23,6.47,66.90710000000001
19.92,Morning,Weekday,4.0,Low,Clear,3.33,0.96,0.49,84.95,64.0787
45.36,Night,Weekday,3.0,Medium,Clear,2.7,0.77,0.24,70.04,54.436800000000005
10.59,Morning,Weekday,4.0,Medium,Clear,4.44,1.21,0.24,79.64,38.0619
4.4,Morning,Weekend,2.0,Low,Rain,3.77,1.94,0.1,45.28,16.834
5.94,Night,Weekday,3.0,Low,Clear,2.63,1.25,0.44,110.47,58.6618
1.89,Morning,Weekend,1.0,Low,Clear,2.71,0.62,0.11,20.41,6.1269
5.63,Evening,Weekday,1.0,Low,Clear,3.88,1.43,0.29,82.22,51.39649999999999
34.47,Afternoon,Weekday,1.0,High,Clear,4.49,1.01,0.46,5.5,41.834700000000005
4.49,Morning,Weekday,3.0,Low,Clear,3.25,1.78,0.31,111.33,45.75449999999999
16.63,Evening,Weekday,2.0,Medium,Clear,2.77,1.15,0.32,17.94,27.6353
2.14,Afternoon,Weekend,4.0,High,Clear,4.01,0.79,0.25,43.3,16.525599999999997
40.91,Afternoon,Weekday,1.0,Medium,Clear,3.34,1.65,0.36,47.96,88.1071
14.81,Afternoon,Weekend,1.0,Low,Rain,3.46,0.9,0.12,29.64,20.3458
6.79,Morning,Weekend,3.0,Medium,Clear,2.61,1.65,0.12,72.29,22.4883
35.14,Afternoon,Weekend,2.0,Medium,Clear,3.88,0.81,0.28,55.94,48.006600000000006
31.82,Afternoon,Weekend,4.0,High,Rain,3.08,0.98,0.32,8.93,37.1212
44.0,Morning,Weekday,3.0,Low,Clear,4.99,1.2,0.46,41.76,76.9996
40.37,Afternoon,Weekday,1.0,High,Rain,3.46,1.9,0.43,84.32,116.42059999999998
14.82,Evening,Weekday,4.0,High,Clear,3.7,0.81,0.18,88.36,31.609
9.69,Morning,Weekday,2.0,Medium,Clear,4.75,1.04,0.26,85.28,37.0004
37.78,Night,Weekend,2.0,Medium,Clear,4.4,0.72,0.23,40.76,40.9764
40.53,Afternoon,Weekday,1.0,Medium,Clear,3.35,1.26,0.26,16.46,58.6974
49.53,Morning,Weekday,2.0,Medium,Clear,4.16,1.19,0.16,36.33,68.9135
21.22,Morning,Weekday,2.0,Medium,Clear,3.76,1.85,0.3,100.66,73.21499999999999
19.23,Morning,Weekday,3.0,Medium,Clear,3.48,1.9,0.42,117.75,89.472
39.04,Afternoon,Weekday,4.0,Medium,Clear,3.535,1.08,0.28,61.79,62.0444
17.7,Afternoon,Weekend,1.0,Medium,Clear,3.39,1.24,0.3,6.12,27.174
46.61,Evening,Weekday,1.0,High,Clear,2.74,1.84,0.44,21.11,97.7908
43.06,Afternoon,Weekday,1.0,Low,Clear,4.74,1.71,0.38,42.04,94.3478
37.79,Afternoon,Weekday,1.0,Medium,Clear,4.86,0.98,0.2,13.64,44.6222
37.97,Evening,Weekday,2.0,High,Rain,3.6,1.13,0.45,113.49,97.57659999999998
6.05,Morning,Weekday,3.0,Medium,Clear,3.89,0.84,0.33,46.98,24.4754
25.76,Morning,Weekday,3.0,High,Clear,2.39,0.56,0.21,94.76,36.7152
41.5,Evening,Weekday,3.0,Low,Clear,3.13,1.47,0.42,91.88,102.72459999999998
44.88,Afternoon,Weekday,1.0,Medium,Clear,3.87,0.58,0.5,77.08,68.4404
20.07,Evening,Weekday,2.0,Medium,Snow,3.34,0.85,0.15,78.37,32.155
45.36,Afternoon,Weekend,2.0,Medium,Rain,2.66,1.78,0.26,68.68,101.2576
104.37179088913676,Afternoon,Weekday,1.0,Low,Rain,3.22,1.12,0.45,89.21,206.50865196831717
47.55,Morning,Weekday,4.0,Low,Clear,4.78,1.97,0.27,94.35,123.928
47.58,Morning,Weekday,3.0,Low,Clear,4.13,0.8,0.31,105.33,74.8463
29.1,Morning,Weekday,4.0,High,Clear,3.26,0.82,0.12,29.8,30.698
31.96,Afternoon,Weekday,3.0,High,Clear,3.55,0.94,0.29,14.64,35.0564
22.97,Night,Weekend,2.0,Low,Rain,2.25,0.76,0.2,60.53,31.8132
15.37,Morning,Weekday,1.0,Low,Clear,4.95,1.07,0.37,64.12,45.1203
37.87,Night,Weekday,1.0,High,Clear,3.76,1.21,0.26,70.65,64.5434
5.47,Morning,Weekend,1.0,Medium,Clear,2.52,0.82,0.17,75.75,19.8829
25.23,Morning,Weekday,3.0,Low,Rain,3.94,1.35,0.13,100.22,51.0291
27.93,Night,Weekend,4.0,Low,Clear,4.15,0.56,0.2,73.35,34.4608
44.5,Night,Weekend,4.0,Medium,Clear,4.02,1.47,0.45,23.88,80.18099999999998
6.74,Evening,Weekend,4.0,Low,Rain,4.68,1.46,0.17,117.71,34.5311
8.01,Afternoon,Weekday,3.0,High,Clear,3.535,0.98,0.43,50.28,31.7102
38.31,Afternoon,Weekend,1.0,Low,Clear,2.99,0.64,0.41,31.15,40.2799
31.29,Afternoon,Weekend,1.0,Medium,Snow,2.74,1.14,0.34,24.7,46.8086
5.96,Afternoon,Weekday,2.0,Low,Clear,4.96,0.69,0.23,81.77,27.8795
5.12,Morning,Weekend,4.0,Low,Clear,3.17,1.92,0.21,75.09,28.7693
35.35,Morning,Weekday,1.0,Medium,Clear,4.2,1.21,0.15,79.01,58.825
4.57,Afternoon,Weekday,2.0,Medium,Rain,4.05,0.98,0.3,15.12,13.0646
41.27,Evening,Weekday,1.0,Low,Clear,2.64,1.65,0.33,107.76,106.2963
5.16,Night,Weekday,2.0,Medium,Clear,3.23,1.72,0.25,58.17,26.6477
49.35,Morning,Weekday,2.0,Low,Clear,2.7,1.8,0.36,49.86,109.4796
19.34,Afternoon,Weekend,2.0,Low,Clear,2.06,1.51,0.46,104.31,79.24600000000001
19.16,Afternoon,Weekend,2.0,Low,Clear,4.64,0.57,0.29,111.87,34.5791
40.83,Evening,Weekday,1.0,Low,Rain,4.9,1.35,0.29,39.9,69.99549999999999
47.42,Morning,Weekday,2.0,Low,Rain,3.02,1.64,0.16,104.35,97.4848
37.92,Evening,Weekday,2.0,Medium,Rain,2.02,0.84,0.39,112.04,77.56840000000001
28.36,Afternoon,Weekend,3.0,High,Clear,2.48,1.21,0.13,99.77,49.7657
21.79,Evening,Weekday,2.0,High,Clear,4.37,1.17,0.34,5.61,31.7717
45.41,Afternoon,Weekday,2.0,Low,Clear,3.85,0.51,0.12,69.95,35.4031
6.45,Morning,Weekday,2.0,Low,Clear,2.13,1.73,0.46,44.01,33.5331
25.14,Night,Weekday,3.0,High,Rain,3.87,1.04,0.31,42.11,43.069700000000005
1.56,Afternoon,Weekday,4.0,High,Clear,2.93,1.31,0.37,79.16,34.2628
23.96,Afternoon,Weekday,3.0,Low,Clear,3.11,1.52,0.43,102.92,83.7848
3.76,Morning,Weekday,4.0,Low,Clear,4.31,1.55,0.16,75.06,22.1476
6.82,Afternoon,Weekday,2.0,Low,Clear,4.43,1.93,0.12,103.11,29.965799999999994
6.76,Afternoon,Weekend,2.0,Medium,Clear,3.2,1.3,0.45,35.43,27.9315
37.56,Morning,Weekday,4.0,Low,Clear,3.22,1.93,0.15,56.81,84.23230000000001
29.59,Afternoon,Weekday,3.0,Medium,Rain,4.32,1.46,0.29,6.34,49.36
48.15,Night,Weekday,2.0,Low,Clear,3.45,0.95,0.34,69.03,72.6627
19.37,Morning,Weekday,3.0,Medium,Clear,4.69,0.69,0.11,81.08,26.9741
15.0,Night,Weekday,3.0,Low,Snow,4.72,1.76,0.21,73.07,46.46469999999999
43.56,Afternoon,Weekday,3.0,Low,Rain,2.26,1.04,0.11,89.67,57.426100000000005
11.96,Evening,Weekday,2.0,Medium,Snow,4.81,1.49,0.27,70.7,41.71940000000001
48.2,Afternoon,Weekday,3.0,Low,Clear,4.48,1.21,0.46,12.68,68.63480000000001
48.52,Evening,Weekend,2.0,Medium,Clear,2.6,1.4,0.35,73.59,96.2845
3.11,Evening,Weekend,3.0,Low,Clear,4.42,0.59,0.16,36.62,12.1141
44.67,Afternoon,Weekend,2.0,Medium,Rain,4.55,1.12,0.46,14.16,61.09400000000001
26.86,Afternoon,Weekday,4.0,Low,Clear,2.87,1.32,0.31,54.4,55.1892
49.66,Afternoon,Weekend,4.0,High,Clear,4.86,1.15,0.16,68.75,72.969
28.14,Evening,Weekend,3.0,Medium,Clear,2.45,1.21,0.4,87.85,86.5536
48.5,Evening,Weekday,1.0,Low,Clear,3.61,1.66,0.39,79.03,114.9417
26.63,Afternoon,Weekend,1.0,Medium,Clear,3.73,0.56,0.38,43.27,35.08540000000001
31.84,Evening,Weekday,3.0,High,Snow,3.94,0.79,0.18,91.81,45.6194
107.78683195771164,Morning,Weekend,1.0,High,Clear,2.05,1.3,0.18,79.6,322.7259960920446
23.27,Afternoon,Weekend,2.0,Low,Clear,4.88,1.9,0.38,78.31,78.85079999999999
31.75,Morning,Weekday,1.0,Low,Rain,2.13,1.75,0.19,68.64,70.7341
29.63,Afternoon,Weekday,3.0,High,Clear,2.43,1.76,0.28,6.31,56.345600000000005
45.16,Afternoon,Weekend,3.0,High,Clear,2.04,1.21,0.41,85.1,79.833
3.23,Afternoon,Weekday,2.0,Low,Rain,3.7,1.14,0.41,48.24,27.1606
14.77,Afternoon,Weekend,4.0,Medium,Clear,4.8,1.21,0.28,113.4,54.42370000000001
47.57,Afternoon,Weekday,2.0,Low,Rain,4.0,0.74,0.42,99.07,80.81119999999999
44.62,Afternoon,Weekday,2.0,High,Rain,4.47,0.55,0.44,72.58,60.9462
23.33,Morning,Weekday,1.0,Low,Snow,2.04,1.92,0.29,34.0,59.0736
31.39,Afternoon,Weekday,1.0,Low,Clear,3.63,0.86,0.19,28.43,36.0271
14.59,Morning,Weekend,2.0,Medium,Clear,3.535,0.86,0.21,44.14,25.1968
10.22,Morning,Weekday,2.0,Low,Clear,3.5,0.63,0.23,59.81,23.694900000000004
23.72,Afternoon,Weekday,3.0,Medium,Clear,2.22,1.89,0.15,39.05,52.9083
18.31,Afternoon,Weekday,1.0,Medium,Rain,4.05,1.37,0.21,64.22,42.6209
29.6,Afternoon,Weekday,2.0,Low,Clear,3.51,1.5,0.18,24.02,52.2336
4.81,Afternoon,Weekend,1.0,Low,Clear,4.3,1.87,0.28,117.44,46.1779
48.75,Afternoon,Weekend,2.0,Medium,Rain,3.46,1.02,0.46,17.41,61.1936
49.32,Evening,Weekday,1.0,Low,Clear,2.45,1.43,0.14,112.17,88.6814
35.21,Afternoon,Weekend,4.0,Medium,Clear,3.94,0.56,0.39,110.06,66.581
27.27,Afternoon,Weekend,3.0,High,Clear,2.52,0.78,0.37,65.42,47.996
40.88,Afternoon,Weekend,4.0,Low,Clear,3.535,1.65,0.47,55.15,97.2125
8.97,Afternoon,Weekday,1.0,Low,Clear,4.89,1.07,0.25,44.17,25.5304
45.64,Afternoon,Weekend,4.0,Low,Rain,3.56,1.3,0.4,39.63,78.744
41.3,Afternoon,Weekday,1.0,Medium,Rain,2.22,1.21,0.2,71.5,37.17
31.06,Evening,Weekday,4.0,Low,Clear,4.41,0.88,0.44,37.97,48.4496
21.49,Evening,Weekend,4.0,Low,Rain,4.45,1.71,0.28,47.2,54.4139
46.7,Night,Weekday,2.0,Medium,Clear,4.94,1.21,0.35,14.65,53.0315
43.44,Morning,Weekday,1.0,Low,Clear,3.51,0.79,0.19,11.01,39.9195
2.29,Morning,Weekend,1.0,Low,Clear,4.26,1.8,0.41,13.54,13.9334
19.45,Afternoon,Weekday,1.0,High,Clear,2.4,0.86,0.29,16.93,24.0367
40.72,Evening,Weekday,2.0,High,Clear,3.64,0.62,0.35,98.49,63.3579
49.38,Morning,Weekday,1.0,Low,Clear,3.64,1.03,0.28,9.47,57.153000000000006
8.37,Night,Weekend,3.0,Low,Rain,2.27,1.62,0.29,80.78,52.9882
30.11,Morning,Weekday,3.0,Medium,Clear,3.25,1.33,0.3,36.34,54.1983
19.66,Night,Weekday,2.0,Low,Clear,4.56,1.73,0.44,105.23,84.873
48.53,Afternoon,Weekday,1.0,Medium,Snow,4.57,1.94,0.29,60.77,124.2416
42.26,Morning,Weekday,3.0,High,Rain,2.3,1.69,0.26,40.14,84.1558
42.08,Afternoon,Weekend,1.0,Medium,Rain,2.27,1.41,0.19,64.53,73.86349999999999
23.97,Morning,Weekday,1.0,High,Clear,2.79,1.24,0.26,48.93,45.2346
21.33,Morning,Weekday,1.0,Low,Clear,4.62,0.56,0.43,69.89,46.61750000000001
14.4,Afternoon,Weekend,2.0,Low,Clear,2.39,1.98,0.19,18.17,34.3543
3.76,Evening,Weekday,2.0,Medium,Rain,4.16,1.08,0.31,119.65,45.31230000000001
43.37,Afternoon,Weekend,3.0,Low,Clear,2.3,0.73,0.42,53.94,56.61489999999999
40.83,Afternoon,Weekday,1.0,Medium,Clear,3.87,1.5,0.24,45.05,75.92699999999999
49.99,Afternoon,Weekend,3.0,Low,Clear,3.07,0.93,0.36,86.67,80.7619
139.476514583775,Evening,Weekday,1.0,Low,Clear,4.37,1.38,0.2,46.85,296.0886973121837
28.22,Morning,Weekday,3.0,High,Clear,2.7,1.38,0.14,100.83,55.7598
38.68,Afternoon,Weekend,2.0,Low,Clear,3.92,1.17,0.42,57.24,73.2164
47.29,Morning,Weekend,1.0,High,Clear,2.71,1.75,0.14,87.75,97.75249999999998
42.63,Morning,Weekend,1.0,High,Clear,4.14,1.21,0.21,17.36,46.15260000000001
13.12,Afternoon,Weekday,3.0,Medium,Snow,4.62,1.17,0.44,102.3,64.9824
23.08,Morning,Weekend,4.0,Medium,Rain,2.38,1.31,0.24,89.61,54.1212
7.33,Afternoon,Weekend,2.0,Medium,Rain,4.6,1.5,0.49,29.35,29.9765
30.7,Morning,Weekend,4.0,Low,Clear,2.38,1.09,0.21,41.37,44.5307
12.2,Afternoon,Weekend,1.0,Medium,Clear,3.28,1.47,0.12,117.25,35.284
33.91,Morning,Weekday,2.0,Medium,Clear,2.48,0.73,0.38,34.54,40.3595
31.29,Night,Weekday,2.0,Medium,Clear,4.1,1.9,0.28,57.45,79.637
6.56,Evening,Weekday,4.0,Low,Clear,2.32,1.59,0.38,50.68,32.0088
26.5,Morning,Weekday,1.0,High,Clear,4.44,0.81,0.45,114.61,77.4795
38.84,Afternoon,Weekday,1.0,Low,Clear,4.81,1.23,0.29,64.42,62.89040000000001
26.49,Night,Weekday,1.0,High,Clear,3.54,1.82,0.15,99.2,66.6318
42.76,Afternoon,Weekday,2.0,Medium,Rain,4.85,1.29,0.17,67.92,71.5568
28.04,Evening,Weekend,4.0,High,Clear,3.61,1.89,0.48,9.69,61.2568
28.49,Evening,Weekend,2.0,Medium,Clear,3.18,1.23,0.38,41.23,53.8901
43.96,Morning,Weekday,3.0,Medium,Clear,4.54,1.24,0.42,71.19,88.9502
7.57,Afternoon,Weekday,3.0,High,Clear,3.42,1.7,0.23,103.8,40.163
2.41,Afternoon,Weekday,2.0,Low,Clear,3.47,0.87,0.19,31.26,11.5061
38.0,Evening,Weekday,2.0,High,Clear,4.54,1.85,0.29,30.31,83.6299
31.4,Night,Weekday,3.0,Low,Clear,4.5,1.87,0.32,28.13,72.2196
35.5,Afternoon,Weekend,2.0,Low,Rain,3.21,1.91,0.35,111.09,109.89649999999996
11.44,Morning,Weekend,1.0,Low,Rain,3.0,1.28,0.2,103.06,38.2552
7.68,Evening,Weekday,3.0,Medium,Clear,3.48,1.52,0.48,94.11,60.32639999999999
1.71,Morning,Weekday,3.0,Low,Clear,3.72,1.67,0.17,50.16,15.1029
18.18,Evening,Weekday,2.0,High,Rain,2.72,0.7,0.49,63.0,46.316
29.91,Afternoon,Weekday,1.0,Low,Clear,4.38,1.4,0.11,58.4,52.678
20.22,Afternoon,Weekday,1.0,Low,Clear,3.46,0.55,0.29,34.14,24.4816
22.44,Morning,Weekday,3.0,High,Clear,3.0,1.25,0.23,63.08,45.5584
45.3,Afternoon,Weekend,3.0,Medium,Rain,2.32,0.73,0.28,8.51,37.7718
18.06,Afternoon,Weekend,3.0,High,Clear,2.72,0.77,0.33,20.16,23.279
26.19,Afternoon,Weekday,1.0,Low,Clear,4.85,1.05,0.27,106.96,61.2287
39.4,Afternoon,Weekend,2.0,Medium,Rain,2.92,1.15,0.27,91.44,72.9188
20.43,Evening,Weekday,2.0,Medium,Clear,2.51,1.43,0.39,53.63,52.6406
31.48,Evening,Weekday,1.0,Medium,Clear,3.38,0.61,0.37,64.47,46.4367
43.26,Morning,Weekday,4.0,Medium,Snow,2.92,1.26,0.43,47.55,77.8741
47.53,Morning,Weekday,2.0,Medium,Clear,2.11,0.77,0.2,90.19,56.7461
8.21,Morning,Weekend,3.0,Medium,Clear,2.97,1.36,0.34,95.18,46.49680000000001
46.4,Afternoon,Weekday,4.0,Low,Clear,3.63,1.46,0.33,92.78,101.9914
25.11,Afternoon,Weekday,4.0,Medium,Clear,3.66,1.34,0.25,88.1,59.3324
23.5,Morning,Weekday,4.0,Medium,Clear,3.34,1.0,0.23,43.87,36.9301
49.02,Afternoon,Weekend,4.0,Low,Clear,4.9,1.65,0.16,59.03,95.2278
25.14,Afternoon,Weekday,2.0,Medium,Rain,3.13,1.15,0.19,43.04,40.2186
12.77,Morning,Weekday,3.0,Low,Clear,3.37,0.53,0.29,20.9,17.662100000000002
4.72,Afternoon,Weekday,1.0,Low,Rain,4.28,1.48,0.48,50.89,35.6928
7.32,Afternoon,Weekday,4.0,Medium,Clear,2.62,1.43,0.39,117.69,58.9867
122.82019097975328,Afternoon,Weekday,2.0,High,Clear,4.13,0.96,0.12,30.98,247.5983178992313
8.44,Evening,Weekend,3.0,Low,Clear,2.06,0.63,0.45,75.4,41.30720000000001
32.4,Night,Weekend,4.0,Low,Clear,4.33,1.88,0.28,13.17,68.9296
9.91,Morning,Weekday,1.0,Medium,Rain,3.02,1.53,0.33,61.11,38.348600000000005
17.94,Morning,Weekday,1.0,High,Clear,3.69,0.69,0.49,85.75,58.0861
44.94,Evening,Weekday,1.0,Low,Clear,2.61,1.04,0.31,64.02,69.1938
33.71,Morning,Weekday,2.0,Low,Rain,3.535,1.75,0.13,38.23,66.1224
9.44,Morning,Weekday,1.0,Low,Clear,4.56,0.57,0.18,14.92,12.6264
10.42,Morning,Weekday,1.0,Low,Clear,3.535,0.85,0.28,112.71,43.0058
3.0,Evening,Weekday,2.0,Low,Clear,4.62,1.83,0.33,48.49,26.111700000000003
9.28,Morning,Weekday,3.0,Medium,Clear,3.06,0.51,0.43,71.29,38.447500000000005
14.65,Afternoon,Weekday,4.0,Medium,Clear,4.17,0.8,0.5,96.08,63.93
9.67,Morning,Weekend,4.0,Medium,Clear,2.96,1.94,0.26,42.3,32.7178
5.35,Afternoon,Weekday,1.0,Low,Clear,4.72,1.42,0.12,87.36,22.8002
6.91,Morning,Weekday,3.0,Low,Clear,2.38,0.89,0.42,20.57,17.1693
23.58,Afternoon,Weekday,2.0,Medium,Clear,2.54,0.6,0.34,38.5,29.778
18.85,Afternoon,Weekday,3.0,Low,Clear,2.25,0.87,0.3,98.29,48.1365
25.67,Morning,Weekend,3.0,High,Clear,2.59,1.82,0.4,30.6,61.54940000000001
34.83,Afternoon,Weekday,3.0,Medium,Snow,4.83,1.12,0.41,87.5,79.71459999999999
2.93,Evening,Weekend,2.0,Medium,Snow,4.93,1.58,0.3,113.48,43.60339999999999
40.17,Afternoon,Weekday,2.0,Medium,Rain,3.13,1.88,0.22,65.69,93.1014
31.77,Afternoon,Weekday,4.0,Low,Clear,4.77,1.11,0.49,67.1,72.9137
5.01,Afternoon,Weekend,4.0,Low,Rain,3.63,0.79,0.37,58.02,29.055300000000003
43.81,Afternoon,Weekday,3.0,Medium,Clear,2.81,1.28,0.26,42.48,69.9316
46.12,Afternoon,Weekday,3.0,Low,Clear,4.11,1.86,0.21,59.7,102.4302
138.76388715029725,Night,Weekday,2.0,High,Clear,3.98,1.71,0.39,74.32,332.0436886774302
14.57,Afternoon,Weekday,4.0,Medium,Clear,4.97,0.6,0.29,118.39,37.39
40.5,Afternoon,Weekend,3.0,Low,Rain,2.8,1.54,0.29,112.84,84.3528
37.66,Evening,Weekday,4.0,Medium,Clear,4.02,1.36,0.31,104.15,87.5241
10.04,Afternoon,Weekend,2.0,Low,Clear,2.16,1.86,0.22,107.25,44.4294
11.26,Morning,Weekend,3.0,Medium,Rain,2.34,0.68,0.29,58.8,30.5768
19.15,Afternoon,Weekday,2.0,Medium,Clear,2.01,1.3,0.15,80.61,38.9965
24.74,Night,Weekend,3.0,High,Clear,5.0,1.82,0.36,107.93,88.8816
19.08,Afternoon,Weekend,4.0,Medium,Clear,4.36,1.22,0.1,115.6,39.1976
23.66,Morning,Weekday,3.0,Medium,Clear,3.53,0.61,0.15,52.82,25.8856
37.63,Afternoon,Weekday,2.0,High,Clear,2.9,0.92,0.29,74.12,72.356
2.8,Morning,Weekday,3.0,Low,Clear,2.45,1.21,0.45,86.63,44.2055
13.37,Afternoon,Weekday,2.0,Low,Rain,2.85,1.92,0.19,114.32,50.2412
35.95,Evening,Weekday,2.0,Low,Clear,3.13,0.92,0.41,33.13,49.78730000000001
27.07,Evening,Weekday,1.0,Medium,Clear,2.23,0.74,0.25,35.88,31.2318
6.25,Night,Weekend,4.0,Medium,Snow,2.05,1.23,0.37,94.31,44.6322
22.92,Morning,Weekday,3.0,Low,Clear,2.31,1.61,0.13,68.51,48.11750000000001
12.88,Morning,Weekend,2.0,Low,Clear,4.8,1.44,0.49,42.13,43.9909
19.49,Night,Weekend,4.0,Medium,Rain,4.41,0.69,0.22,76.0,34.5781
11.36,Afternoon,Weekend,1.0,Low,Clear,3.535,1.66,0.36,115.59,62.8
6.87,Morning,Weekday,4.0,High,Clear,4.35,1.9,0.48,89.4,60.315
44.64,Evening,Weekday,1.0,Medium,Rain,2.5,1.58,0.11,52.27,78.7809
30.09,Morning,Weekend,2.0,Low,Clear,3.54,1.63,0.22,45.84,62.6715
39.67,Evening,Weekday,1.0,Medium,Clear,3.88,1.16,0.23,52.06,61.871
25.42,Evening,Weekday,4.0,Medium,Clear,4.84,1.43,0.2,67.58,54.7066
5.26,Morning,Weekday,1.0,Low,Clear,3.74,1.65,0.31,67.5,33.344
27.32,Afternoon,Weekday,2.0,Low,Clear,3.62,0.66,0.43,62.17,48.3843
29.76,Morning,Weekday,3.0,Medium,Rain,2.15,1.94,0.14,20.5,62.7544
37.53,Afternoon,Weekday,4.0,Low,Rain,2.19,1.84,0.48,62.05,101.0292
22.15,Morning,Weekend,2.0,Low,Clear,2.56,0.91,0.42,24.45,32.985499999999995
7.25,Night,Weekday,2.0,Low,Clear,2.1,1.73,0.17,19.51,17.9592
14.91,Afternoon,Weekend,1.0,Medium,Clear,4.23,1.28,0.38,112.25,65.9698
18.79,Afternoon,Weekend,3.0,High,Rain,4.17,1.19,0.25,74.57,45.1726
28.97,Afternoon,Weekday,3.0,Medium,Clear,4.51,1.37,0.41,51.21,65.195
18.45,Afternoon,Weekday,4.0,Medium,Clear,2.46,1.59,0.49,109.53,85.4652
49.34,Afternoon,Weekend,4.0,Low,Clear,3.535,1.12,0.15,78.36,69.91480000000001
30.68,Night,Weekday,1.0,Medium,Clear,2.75,1.44,0.27,93.45,72.16069999999999
12.62,Afternoon,Weekday,3.0,Low,Clear,3.12,1.55,0.29,47.38,36.4212
5.99,Night,Weekday,3.0,Medium,Clear,2.76,1.57,0.25,115.4,41.014300000000006
13.05,Morning,Weekday,1.0,Low,Clear,3.22,1.79,0.12,103.2,38.9635
8.87,Night,Weekday,3.0,Low,Clear,4.96,1.19,0.37,24.8,24.6913
14.97,Evening,Weekday,2.0,Low,Rain,2.43,0.86,0.18,37.85,22.1172
9.5,Afternoon,Weekday,1.0,Low,Clear,2.16,1.22,0.43,36.15,29.2945
4.93,Evening,Weekend,1.0,Medium,Clear,2.16,1.07,0.29,8.67,9.9494
26.7,Evening,Weekday,4.0,Medium,Clear,4.51,1.62,0.22,13.75,50.789
21.11,Evening,Weekend,3.0,High,Clear,3.54,0.65,0.36,36.5,30.4015
49.14,Afternoon,Weekday,3.0,High,Rain,3.58,1.21,0.22,27.99,69.1972
20.49,Afternoon,Weekday,1.0,High,Clear,2.51,1.66,0.39,96.76,74.2598
43.41,Afternoon,Weekday,2.0,Low,Rain,2.96,1.25,0.14,5.66,58.0149
41.04,Afternoon,Weekday,2.0,Medium,Clear,3.78,0.85,0.1,54.37,44.101
13.64,Night,Weekend,2.0,Medium,Rain,2.63,1.11,0.16,51.91,26.076
9.37,Afternoon,Weekday,1.0,Medium,Clear,2.35,1.67,0.13,18.1,20.3509
33.76,Evening,Weekday,1.0,Low,Rain,3.535,1.66,0.5,82.76,102.3316
46.54,Morning,Weekday,2.0,Low,Rain,2.07,0.84,0.22,85.74,60.0264
28.28,Evening,Weekday,2.0,Medium,Rain,4.41,1.88,0.16,87.9,71.6404
29.01,Afternoon,Weekday,2.0,Low,Clear,4.36,1.39,0.2,88.77,62.4379
14.72,Afternoon,Weekday,4.0,Medium,Clear,2.89,1.07,0.47,5.01,20.9951
38.71,Afternoon,Weekday,2.0,Medium,Rain,2.41,1.25,0.31,114.7,86.3545
10.17,Evening,Weekday,1.0,Medium,Clear,3.535,1.41,0.25,98.63,41.4372
16.86,Morning,Weekday,1.0,Medium,Clear,4.09,1.34,0.45,108.96,75.7144
21.85,Afternoon,Weekday,3.0,High,Rain,3.93,1.23,0.26,6.8,32.5735
25.87,Afternoon,Weekday,2.0,Low,Rain,4.35,1.26,0.23,112.39,62.7959
12.88,Morning,Weekday,4.0,Medium,Rain,4.81,0.76,0.18,98.13,32.2622
6.63,Afternoon,Weekend,4.0,Medium,Clear,4.08,1.72,0.25,101.28,40.8036
30.92,Morning,Weekday,4.0,Low,Rain,2.47,1.31,0.23,15.73,46.5931
15.14,Morning,Weekday,3.0,Low,Rain,2.73,0.7,0.37,89.96,46.61319999999999
29.48,Morning,Weekday,2.0,Low,Clear,4.53,1.65,0.22,115.39,78.5578
8.56,Night,Weekend,4.0,Medium,Clear,2.63,1.21,0.33,83.03,46.2939
24.58,Afternoon,Weekend,1.0,Medium,Clear,2.22,1.92,0.13,70.61,58.59289999999999
27.1,Afternoon,Weekday,3.0,High,Clear,4.11,1.05,0.18,113.75,53.040000000000006
3.54,Afternoon,Weekend,2.0,Low,Snow,3.21,0.7,0.26,55.94,20.2324
17.49,Afternoon,Weekday,2.0,Low,Clear,4.76,1.28,0.47,73.92,61.8896
7.59,Afternoon,Weekday,2.0,High,Clear,3.95,0.67,0.25,59.78,23.9803
4.11,Afternoon,Weekend,4.0,Low,Snow,2.27,1.9,0.37,112.28,51.6226
49.51,Morning,Weekend,2.0,Medium,Clear,4.84,0.78,0.2,13.75,46.207800000000006
16.8,Afternoon,Weekday,4.0,Medium,Rain,2.78,0.88,0.29,62.63,26.9585
40.68,Morning,Weekday,3.0,Low,Clear,3.01,1.11,0.12,84.0,58.2448
13.48,Afternoon,Weekday,3.0,Low,Rain,3.21,1.07,0.22,96.07,38.769
34.39,Afternoon,Weekday,4.0,Low,Clear,2.15,1.69,0.16,72.05,71.7971
38.25,Morning,Weekday,1.0,Low,Rain,3.49,1.18,0.17,109.53,67.24510000000001
30.19,Morning,Weekday,2.0,Medium,Clear,2.37,0.76,0.4,113.33,70.6464
24.11,Evening,Weekday,2.0,Medium,Clear,3.2,0.9,0.11,12.4,26.263
21.18,Afternoon,Weekday,2.0,Low,Rain,3.05,1.26,0.32,51.27,46.1432
18.09,Morning,Weekday,4.0,Medium,Clear,4.32,0.72,0.25,7.7,19.2698
46.55,Night,Weekday,3.0,High,Clear,4.41,1.42,0.3,42.88,83.375
41.7,Afternoon,Weekday,2.0,Low,Clear,2.46,1.35,0.33,66.74,80.7792
48.29,Afternoon,Weekend,3.0,Medium,Rain,3.1,1.57,0.23,109.74,104.1555
36.81,Morning,Weekday,2.0,Low,Clear,2.45,1.87,0.39,19.66,78.95210000000002
46.98,Morning,Weekend,4.0,Low,Clear,4.4,1.92,0.45,15.7,101.6666
9.88,Morning,Weekend,1.0,Medium,Clear,4.12,0.87,0.18,72.77,25.8142
4.26,Afternoon,Weekend,4.0,Low,Clear,2.57,0.7,0.14,66.19,14.8186
37.31,Morning,Weekday,2.0,High,Clear,3.1,0.95,0.46,35.63,54.9343
29.15,Afternoon,Weekday,2.0,Medium,Clear,2.32,1.84,0.24,108.44,81.9816
39.97,Night,Weekday,3.0,Medium,Rain,4.96,0.67,0.15,107.38,47.846900000000005
9.05,Afternoon,Weekend,2.0,Medium,Clear,3.74,0.51,0.18,59.73,19.1069
40.91,Afternoon,Weekday,1.0,Medium,Clear,4.73,1.16,0.28,19.1,57.53359999999999
33.59,Afternoon,Weekday,1.0,Low,Rain,3.66,0.57,0.42,111.71,69.7245
26.63,Afternoon,Weekend,2.0,High,Clear,2.52,1.21,0.34,57.22,57.1264
43.98,Evening,Weekend,4.0,Low,Clear,4.53,1.21,0.32,47.22,72.8562
20.23,Afternoon,Weekend,2.0,Low,Clear,3.93,1.42,0.38,7.17,35.3812
41.01,Morning,Weekday,1.0,Medium,Clear,3.95,1.8,0.42,16.56,84.7232
19.47,Afternoon,Weekday,2.0,Low,Clear,4.68,1.15,0.16,84.35,40.56649999999999
23.67,Evening,Weekday,1.0,Medium,Snow,4.76,1.73,0.38,43.49,62.2353
37.63,Evening,Weekday,4.0,Medium,Clear,3.63,0.68,0.11,85.34,38.6058
25.63,Morning,Weekday,3.0,Medium,Rain,4.22,1.3,0.26,85.95,59.886
12.38,Afternoon,Weekday,2.0,Medium,Rain,4.27,0.93,0.23,61.64,29.9606
45.08,Afternoon,Weekend,2.0,High,Clear,3.82,0.57,0.29,110.21,70.29329999999999
19.81,Morning,Weekday,3.0,Low,Rain,2.5,1.5,0.19,61.26,43.8544
45.42,Evening,Weekend,3.0,Medium,Clear,4.16,0.74,0.47,27.93,50.89789999999999
6.73,Afternoon,Weekday,4.0,Low,Clear,3.39,1.78,0.47,9.87,20.0083
47.05,Morning,Weekday,4.0,Low,Snow,2.52,1.87,0.49,77.86,128.6549
31.76,Morning,Weekday,3.0,Low,Clear,3.01,0.9,0.1,33.58,34.952
7.82,Night,Weekend,2.0,Low,Rain,3.2,0.98,0.27,93.64,36.1464
39.91,Evening,Weekday,4.0,Medium,Clear,3.65,1.33,0.44,42.63,75.4875
31.38,Night,Weekday,4.0,High,Clear,3.86,0.58,0.2,32.85,28.6304
27.14,Afternoon,Weekend,2.0,Medium,Clear,3.99,0.57,0.49,24.44,31.4354
44.8,Morning,Weekend,1.0,Low,Clear,4.51,1.58,0.35,94.11,108.2325
39.64,Afternoon,Weekday,4.0,Medium,Rain,2.65,1.17,0.42,19.92,57.3952
13.18,Morning,Weekday,4.0,Medium,Clear,2.47,1.5,0.4,84.05,55.86
37.45,Afternoon,Weekday,4.0,Low,Clear,4.92,0.5,0.11,77.83,32.2063
2.64,Morning,Weekday,1.0,Medium,Snow,4.53,1.71,0.43,98.23,51.2833
28.92,Afternoon,Weekend,1.0,Medium,Clear,3.5,0.62,0.11,10.15,22.5469
38.36,Evening,Weekday,3.0,Medium,Clear,4.94,0.79,0.36,39.09,49.3168
43.96,Afternoon,Weekday,2.0,Low,Clear,2.29,1.08,0.25,37.22,59.0718
41.24,Afternoon,Weekday,1.0,High,Clear,3.91,1.03,0.38,38.26,60.92600000000001
42.48,Evening,Weekday,4.0,High,Clear,4.79,1.95,0.14,65.02,96.7288
7.25,Afternoon,Weekend,3.0,Low,Clear,2.2,1.46,0.13,81.33,23.3579
20.47,Night,Weekday,3.0,Medium,Rain,3.65,1.21,0.34,48.83,31.306
8.35,Afternoon,Weekday,4.0,Medium,Clear,3.96,1.81,0.4,43.66,36.5375
12.23,Afternoon,Weekday,4.0,Medium,Clear,2.77,0.95,0.3,38.38,25.9025
36.39,Afternoon,Weekday,2.0,Low,Clear,3.09,0.64,0.27,67.24,44.5344
32.42,Evening,Weekday,4.0,Low,Clear,2.58,1.41,0.11,14.18,49.852
35.0,Morning,Weekday,2.0,Low,Snow,4.48,1.36,0.23,53.07,64.2861
27.59,Night,Weekend,1.0,Medium,Clear,3.69,0.58,0.49,113.43,75.27289999999999
13.34,Afternoon,Weekend,4.0,Low,Clear,4.29,0.71,0.45,87.97,53.3479
9.9,Afternoon,Weekend,3.0,Medium,Clear,2.62,0.81,0.34,102.33,45.4312
45.51,Evening,Weekday,4.0,Medium,Rain,3.71,1.26,0.44,89.21,100.305
29.59,Afternoon,Weekend,4.0,High,Snow,4.6,1.32,0.28,75.26,64.73160000000001
47.42,Afternoon,Weekend,3.0,High,Rain,3.36,1.21,0.3,30.47,95.9602
8.51,Morning,Weekday,4.0,Medium,Clear,2.43,1.58,0.49,63.88,47.177
29.73,Evening,Weekend,1.0,Low,Clear,3.17,1.21,0.38,68.12,47.488200000000006
25.79,Afternoon,Weekday,2.0,Medium,Clear,4.86,0.66,0.13,66.91,30.5797
30.96,Afternoon,Weekday,2.0,High,Clear,2.96,1.24,0.18,69.98,53.9468
1.89,Morning,Weekday,2.0,Low,Clear,4.6,0.74,0.41,114.1,52.77959999999999
43.73,Morning,Weekday,4.0,Low,Clear,4.64,1.97,0.44,108.76,138.6425
108.14699381139414,Morning,Weekday,1.0,Low,Clear,2.25,1.21,0.36,97.16,239.17140732641303
35.14,Morning,Weekend,2.0,Medium,Clear,4.17,1.05,0.11,113.49,53.550900000000006
46.2,Morning,Weekday,1.0,Medium,Clear,2.93,1.46,0.43,16.33,77.40390000000001
35.65,Night,Weekend,4.0,Low,Rain,4.35,0.69,0.42,35.49,43.8543
8.47,Evening,Weekend,2.0,High,Clear,3.33,1.15,0.2,61.93,25.4565
30.73,Morning,Weekend,3.0,Medium,Rain,4.33,1.83,0.19,63.09,72.553
21.78,Afternoon,Weekday,4.0,Low,Clear,3.15,0.56,0.12,91.02,26.2692
46.78,Afternoon,Weekend,3.0,Medium,Clear,3.13,1.75,0.17,34.03,90.7801
46.35,Morning,Weekday,1.0,Medium,Clear,3.1,0.95,0.24,89.15,68.52850000000001
23.09,Morning,Weekday,3.0,High,Rain,3.58,1.68,0.29,23.94,48.835
6.55,Morning,Weekend,3.0,Medium,Rain,4.43,0.55,0.3,45.41,21.6555
49.26,Afternoon,Weekday,4.0,Low,Clear,3.09,1.95,0.29,35.46,109.4304
42.11,Evening,Weekday,1.0,High,Clear,3.57,1.29,0.21,45.23,67.3902
7.11,Morning,Weekday,2.0,Low,Rain,4.01,0.95,0.11,86.46,20.2751
43.62,Morning,Weekday,2.0,High,Clear,2.83,0.6,0.26,68.86,46.90559999999999
26.42,Night,Weekend,3.0,Low,Clear,4.8,1.98,0.22,16.49,60.7394
29.97,Morning,Weekday,3.0,Medium,Clear,4.17,0.56,0.45,97.58,64.86420000000001
20.55,Evening,Weekday,3.0,Low,Snow,3.73,1.48,0.4,47.54,53.16
3.68,Afternoon,Weekday,3.0,Medium,Clear,3.94,1.16,0.44,79.58,43.224
17.42,Afternoon,Weekday,4.0,Medium,Clear,2.09,1.92,0.3,88.42,62.0624
40.34,Morning,Weekend,1.0,Medium,Clear,3.85,0.87,0.15,29.11,43.31230000000001
1.23,Morning,Weekday,1.0,Low,Clear,3.53,1.3,0.38,106.74,45.6902
20.51,Evening,Weekday,3.0,Medium,Snow,3.08,1.55,0.28,54.3,50.07450000000001
27.33,Afternoon,Weekday,4.0,High,Clear,2.24,0.6,0.13,25.97,22.0141
46.07,Afternoon,Weekend,3.0,High,Clear,2.58,0.79,0.43,113.36,87.7201
17.97,Morning,Weekend,3.0,Low,Clear,4.85,0.82,0.15,91.83,33.3599
18.0,Night,Weekday,1.0,Low,Clear,3.23,1.61,0.46,28.92,45.513200000000005
37.14,Evening,Weekday,3.0,Low,Clear,3.4,0.78,0.45,43.84,52.0972
23.16,Morning,Weekday,2.0,High,Clear,2.16,1.36,0.29,98.11,62.1095
23.17,Afternoon,Weekday,2.0,Low,Clear,4.15,1.79,0.35,93.07,78.1988
7.9,Afternoon,Weekday,3.0,Medium,Clear,3.61,1.91,0.42,55.74,42.1098
25.42,Evening,Weekday,4.0,Low,Snow,2.73,1.03,0.41,49.45,49.1871
126.54762829842768,Afternoon,Weekend,1.0,Low,Clear,4.23,0.85,0.28,29.3,224.9146628555729
18.76,Afternoon,Weekday,2.0,High,Clear,2.57,0.9,0.29,117.24,53.4536
1.64,Afternoon,Weekday,2.0,Medium,Rain,2.74,1.92,0.43,82.51,41.3681
33.51,Afternoon,Weekend,4.0,Low,Rain,3.94,1.09,0.32,67.27,61.9923
9.72,Afternoon,Weekend,2.0,High,Clear,3.95,1.54,0.17,101.99,36.2571
48.09,Afternoon,Weekend,1.0,High,Clear,4.47,1.23,0.29,92.6,90.4747
8.28,Night,Weekday,4.0,Medium,Snow,3.25,1.27,0.49,11.7,19.4986
49.85,Morning,Weekday,3.0,Medium,Clear,4.94,1.21,0.11,104.35,76.737
25.61,Evening,Weekday,3.0,High,Clear,3.79,1.56,0.29,79.89,66.9097
30.17,Afternoon,Weekday,4.0,Medium,Clear,4.13,1.91,0.36,103.47,99.0039
4.29,Morning,Weekday,3.0,Medium,Rain,2.02,0.99,0.43,17.92,13.9727
37.75,Evening,Weekday,2.0,Medium,Snow,3.55,0.56,0.12,44.99,30.0888
11.29,Evening,Weekday,3.0,Medium,Clear,2.11,1.21,0.44,105.79,62.6572
45.0,Evening,Weekend,3.0,High,Clear,3.71,1.32,0.32,28.19,72.13080000000001
11.05,Night,Weekday,4.0,Medium,Clear,4.76,0.75,0.18,14.0,15.5675
10.34,Morning,Weekday,1.0,Medium,Clear,4.91,1.64,0.29,95.63,43.8625
2.79,Evening,Weekday,1.0,Low,Clear,3.62,1.98,0.21,101.08,30.371
24.13,Afternoon,Weekday,1.0,Low,Snow,3.37,1.92,0.31,23.71,57.0497
28.68,Evening,Weekday,2.0,Medium,Rain,4.84,1.21,0.12,103.25,40.174
4.22,Evening,Weekday,3.0,Low,Clear,4.02,1.81,0.16,83.98,25.095
39.0,Evening,Weekend,1.0,Low,Clear,2.19,1.56,0.43,64.81,90.8983
23.21,Afternoon,Weekday,4.0,Medium,Clear,3.4,1.18,0.15,100.48,45.85979999999999
26.7,Morning,Weekend,1.0,Medium,Clear,2.72,1.31,0.19,53.21,47.8069
22.6,Afternoon,Weekday,1.0,Medium,Clear,3.41,1.77,0.28,27.31,51.058800000000005
20.64,Night,Weekday,3.0,Low,Clear,3.37,1.22,0.31,37.76,40.2564
28.42,Night,Weekday,3.0,Medium,Snow,3.75,1.06,0.41,63.09,59.74210000000001
8.61,Morning,Weekday,3.0,Low,Clear,3.07,1.24,0.28,66.1,32.2544
9.91,Morning,Weekend,2.0,Medium,Clear,2.49,1.21,0.42,97.64,57.075500000000005
43.23,Morning,Weekday,2.0,Low,Rain,3.51,0.78,0.35,96.01,70.8329
19.29,Evening,Weekend,3.0,Low,Clear,3.99,1.51,0.16,94.79,48.2843
21.03,Evening,Weekday,4.0,Low,Clear,4.74,1.41,0.4,105.47,76.5803
2.24,Evening,Weekend,3.0,Medium,Clear,2.63,0.68,0.33,13.69,8.6709
8.65,Afternoon,Weekday,3.0,Medium,Rain,2.12,0.62,0.26,33.37,16.1592
36.08,Afternoon,Weekday,4.0,Low,Clear,3.535,1.29,0.17,84.96,65.2064
33.29,Afternoon,Weekday,3.0,High,Clear,4.48,1.1,0.19,52.09,50.996100000000006
2.33,Morning,Weekday,2.0,Low,Rain,3.535,1.38,0.33,105.78,43.0228
11.88,Afternoon,Weekday,2.0,Medium,Clear,4.67,0.63,0.27,39.27,22.7573
12.32,Afternoon,Weekday,3.0,Low,Clear,3.8,1.15,0.31,6.37,19.9427
33.92,Evening,Weekend,4.0,Low,Clear,3.59,0.76,0.17,39.58,36.09780000000001
1.97,Afternoon,Weekday,1.0,Medium,Clear,2.08,1.98,0.37,71.48,32.428200000000004
6.1,Evening,Weekday,3.0,Medium,Clear,2.74,1.34,0.29,48.23,32.1352
40.2,Morning,Weekday,3.0,High,Clear,3.38,1.53,0.2,66.51,78.18800000000002
9.75,Afternoon,Weekend,1.0,Medium,Clear,3.89,0.99,0.3,105.81,45.2855
32.98,Morning,Weekday,3.0,High,Clear,3.67,0.64,0.49,109.94,78.64779999999999
12.67,Morning,Weekday,1.0,Low,Snow,3.535,1.96,0.23,35.59,37.2489
5.87,Evening,Weekend,4.0,Low,Clear,2.84,0.93,0.34,58.15,28.0701
36.39,Morning,Weekday,4.0,Low,Clear,2.26,1.47,0.34,114.15,94.5643
42.93,Afternoon,Weekday,2.0,Medium,Clear,3.24,0.54,0.14,119.84,43.19980000000001
33.74,Afternoon,Weekday,4.0,High,Rain,4.97,0.92,0.42,48.47,56.3682
11.04,Evening,Weekend,2.0,High,Clear,2.83,0.59,0.38,5.93,11.596999999999998
15.36,Afternoon,Weekday,1.0,Low,Clear,3.49,0.74,0.34,6.06,16.9168
44.92,Morning,Weekday,2.0,Low,Clear,2.99,1.84,0.28,57.97,101.8744
1.64,Afternoon,Weekday,3.0,Low,Clear,3.32,1.53,0.44,61.16,32.7396
5.19,Evening,Weekday,4.0,Low,Rain,4.57,0.87,0.48,7.6,12.7333
11.19,Afternoon,Weekday,3.0,Low,Clear,4.05,0.6,0.3,84.0,35.964
2.3,Morning,Weekend,1.0,Medium,Snow,3.535,1.54,0.47,38.81,26.4327
9.89,Evening,Weekday,2.0,Low,Snow,2.61,1.36,0.33,69.39,38.95910000000001
29.57,Afternoon,Weekday,3.0,Low,Clear,4.62,1.11,0.32,39.61,50.117900000000006
21.65,Evening,Weekday,3.0,High,Clear,2.18,1.05,0.29,24.22,31.6941
41.05,Night,Weekday,2.0,High,Snow,2.99,1.5,0.1,31.71,67.736
17.75,Afternoon,Weekday,4.0,Low,Clear,3.535,1.96,0.2,66.5,51.03
13.71,Afternoon,Weekday,3.0,Low,Clear,3.54,0.76,0.3,27.87,22.3206
19.6,Morning,Weekday,3.0,Medium,Clear,4.82,1.4,0.29,63.47,48.127500000000005
14.14,Evening,Weekday,4.0,Low,Clear,3.06,1.21,0.49,82.16,59.8622
31.58,Night,Weekend,1.0,Medium,Rain,4.57,0.88,0.24,91.7,54.3684
21.06,Afternoon,Weekend,3.0,Medium,Clear,3.19,1.74,0.28,17.7,44.7904
28.05,Afternoon,Weekday,1.0,Medium,Clear,2.6,1.23,0.15,58.8,45.9215
22.37,Evening,Weekday,3.0,Medium,Clear,3.27,1.32,0.12,13.15,34.376400000000004
15.43,Evening,Weekend,3.0,Medium,Clear,3.16,0.96,0.41,73.79,48.2267
38.42,Afternoon,Weekday,1.0,Low,Clear,4.29,0.63,0.4,65.68,54.76660000000001
7.87,Afternoon,Weekday,2.0,Low,Clear,3.52,1.57,0.16,64.51,26.1975
24.88,Morning,Weekend,2.0,High,Clear,3.4,1.54,0.2,68.14,55.3432
44.83,Afternoon,Weekend,3.0,Medium,Snow,2.17,1.09,0.19,72.04,64.7223
40.19,Afternoon,Weekday,1.0,Medium,Clear,2.79,1.12,0.1,51.19,52.9218
21.84,Evening,Weekday,4.0,Low,Clear,3.31,1.2,0.15,114.14,46.639
2.1,Morning,Weekend,3.0,Low,Clear,3.535,1.05,0.22,94.38,25.4386
14.17,Afternoon,Weekend,4.0,Low,Snow,4.84,0.65,0.15,37.82,19.7235
27.54,Afternoon,Weekend,1.0,Low,Clear,4.3,0.96,0.49,102.08,80.7576
32.04,Afternoon,Weekend,3.0,Low,Clear,3.535,1.5,0.22,54.73,62.9006
13.64,Morning,Weekday,4.0,Medium,Rain,3.77,1.5,0.15,100.3,39.275
7.83,Afternoon,Weekday,4.0,Medium,Clear,4.16,0.93,0.18,99.63,29.3753
41.91,Afternoon,Weekday,2.0,Medium,Clear,4.82,1.19,0.34,26.72,63.7777
49.24,Afternoon,Weekday,2.0,Medium,Clear,4.64,0.79,0.13,85.63,54.67150000000001
26.76,Afternoon,Weekday,2.0,High,Clear,3.55,0.82,0.44,38.42,42.398
9.41,Afternoon,Weekend,3.0,Low,Clear,4.32,0.53,0.48,39.21,28.1281
1.9,Morning,Weekend,1.0,Low,Clear,3.66,0.82,0.28,88.44,29.9812
6.77,Afternoon,Weekend,2.0,High,Clear,2.38,0.92,0.36,5.1,10.4444
14.43,Morning,Weekday,4.0,High,Clear,2.81,1.46,0.21,24.69,29.0627
28.15,Afternoon,Weekday,2.0,High,Clear,2.06,0.61,0.18,17.02,22.2951
32.92,Evening,Weekday,4.0,Low,Clear,4.17,0.7,0.36,32.31,38.8456
11.11,Evening,Weekend,3.0,Medium,Clear,3.79,1.01,0.17,59.73,25.1652
1.54,Afternoon,Weekday,3.0,High,Clear,3.62,1.56,0.38,10.13,9.8718
7.71,Afternoon,Weekday,3.0,Low,Clear,4.91,1.21,0.33,116.62,53.726
45.1,Morning,Weekday,3.0,Medium,Clear,3.535,0.88,0.44,87.35,81.572
43.82,Afternoon,Weekday,4.0,Low,Clear,2.19,1.48,0.15,42.17,73.3691
30.27,Afternoon,Weekend,4.0,Medium,Clear,3.66,0.67,0.41,41.65,41.0174
30.43,Morning,Weekend,2.0,Medium,Clear,4.52,1.3,0.37,56.58,65.0136
33.59,Morning,Weekday,4.0,Medium,Clear,4.99,1.16,0.15,77.02,55.5074
9.59,Afternoon,Weekend,2.0,High,Clear,3.29,0.9,0.38,21.83,20.2164
45.81,Evening,Weekday,2.0,High,Clear,3.535,1.41,0.28,26.73,75.03649999999999
21.52,Night,Weekend,3.0,High,Rain,4.72,1.81,0.48,103.83,93.5096
19.77,Night,Weekday,4.0,Low,Clear,2.57,2.0,0.16,34.47,47.6252
26.43,Afternoon,Weekend,4.0,Medium,Clear,3.85,1.41,0.36,48.72,58.65549999999999
3.3,Afternoon,Weekend,2.0,Low,Clear,3.22,1.11,0.25,105.2,33.183
9.15,Afternoon,Weekday,2.0,Medium,Snow,2.12,0.84,0.48,81.26,48.8108
37.16,Evening,Weekend,1.0,Medium,Snow,3.04,0.89,0.23,44.3,46.3014
5.06,Morning,Weekday,1.0,Medium,Clear,2.8,1.22,0.48,83.63,49.11559999999999
13.02,Evening,Weekday,1.0,High,Clear,4.85,1.87,0.29,89.6,48.0134
15.15,Afternoon,Weekend,2.0,Low,Clear,4.43,1.06,0.5,98.52,69.749
18.43,Afternoon,Weekend,2.0,Low,Clear,2.17,1.08,0.2,114.78,45.03040000000001
28.75,Afternoon,Weekend,2.0,High,Rain,4.8,1.42,0.22,63.9,59.68299999999999
24.33,Morning,Weekday,3.0,High,Clear,4.3,1.0,0.11,46.42,33.7362
46.9,Evening,Weekday,4.0,High,Clear,4.47,0.56,0.21,84.34,48.44540000000001
36.9,Morning,Weekend,4.0,Low,Clear,3.94,1.81,0.28,106.66,100.5938
2.53,Morning,Weekday,2.0,Medium,Clear,4.14,1.1,0.45,110.59,56.688500000000005
13.85,Night,Weekday,4.0,Medium,Clear,4.77,1.25,0.38,98.75,59.6075
25.32,Evening,Weekend,4.0,Medium,Rain,3.58,1.81,0.36,37.19,62.7976
30.25,Evening,Weekend,2.0,Medium,Clear,2.38,1.17,0.48,17.18,46.0189
17.38,Morning,Weekday,2.0,Low,Rain,3.78,1.01,0.1,17.91,23.1248
38.77,Evening,Weekday,1.0,Medium,Clear,3.45,0.71,0.2,38.49,38.6747
6.22,Afternoon,Weekend,4.0,Medium,Clear,3.87,1.16,0.47,75.63,46.6313
4.68,Afternoon,Weekend,4.0,Medium,Rain,2.03,1.24,0.47,97.5,53.6582
36.68,Morning,Weekday,4.0,Low,Clear,2.58,1.11,0.39,108.41,85.5747
25.28,Morning,Weekend,3.0,Medium,Snow,3.47,1.52,0.29,76.73,73.3549
34.73,Evening,Weekday,4.0,Low,Clear,4.85,1.13,0.14,5.65,44.88589999999999
22.31,Afternoon,Weekday,2.0,Low,Clear,3.15,1.94,0.31,26.43,54.6247
13.07,Afternoon,Weekend,2.0,Medium,Clear,3.27,1.4,0.19,16.47,24.6973
41.14,Evening,Weekend,3.0,Medium,Rain,4.14,1.71,0.17,46.78,82.44200000000001
40.17,Evening,Weekday,3.0,Low,Clear,3.81,0.66,0.42,62.66,56.6394
14.34,Afternoon,Weekday,1.0,Medium,Clear,3.23,1.01,0.29,45.07,30.7837
18.69,Evening,Weekday,3.0,Medium,Clear,4.9,1.79,0.17,79.41,51.8548
5.49,Afternoon,Weekend,4.0,Medium,Clear,2.39,0.62,0.49,58.39,34.4049
45.95,Night,Weekday,4.0,Medium,Clear,3.12,0.61,0.29,61.96,62.12950000000001
7.7,Morning,Weekday,3.0,Low,Rain,2.08,1.78,0.29,54.18,33.1236
47.56,Morning,Weekday,1.0,Low,Clear,2.67,0.82,0.17,114.94,61.209
22.85,Morning,Weekend,3.0,Medium,Clear,4.34,1.21,0.23,29.69,45.44370000000001
